Aarv,boy
Taksh,boy
Vihan,boy
Yash,boy
Ahan,boy
Zain,boy
Amin,boy
Adnan,boy
Rashad,boy
Zaid,boy
Ayan,boy
Amir,boy
Buck,boy
David,boy
Walter,boy
Jenil,boy
Alvin,boy
Aaron,boy
Aedan,boy
Ryan,boy
Rihan,boy
Alex,boy
Aayan,boy
Ayan,boy
Aaron,boy
Saif,boy
Shant,boy
Andi,boy
Milan,boy
Pascal,boy
Darius,boy
Jovan,boy
Samil,boy
Aric,boy
Mahi,girl
Riya,girl
Dhanvi,girl
Neha,girl
Myra,girl
Aasi,girl
Zara,girl
Afsa,girl
Zoya,girl
Sana,girl
Sara,girl
Afna,girl
Safa,girl
Anaya,girl
Pranita,girl
Chara,girl
Neema,girl
Triya,girl
Shiri,girl
Elise,girl
Anya,girl
Adah,girl
Bebe,girl
Jade,girl
Dana,girl
Alina,girl
Sara,girl
Agnes,girl
Sana,girl
Sara,girl
Sanvi,girl
Syra,girl
Aeni,girl
Siya,girl
Sarina,girl
Sandy,girl
Roja,girl
Kara,girl
Mayra,girl
Kari,girl
Alana,girl
Maya,girl
Cali,girl
Caja,girl
Dilber,girl
Carly,girl
